{
  "tasks": [
    0,
    1,
    2,
    3,
    4,
    5,
    6
  ],
  "edges": [
    [
      0,
      4
    ],
    [
      0,
      3
    ],
    [
      1,
      4
    ],
    [
      1,
      3
    ],
    [
      2,
      3
    ],
    [
      2,
      4
    ],
    [
      3,
      5
    ],
    [
      3,
      6
    ],
    [
      4,
      6
    ],
    [
      4,
      5
    ]
  ],
  "devices": [
    {
      "id": 0,
      "capacity": 87,
      "energy_budget": 388.9009555270615,
      "zeta": 0.25,
      "eta": 0.023,
      "U1": 0.3,
      "U2": 0.7,
      "epsilon": 1.0,
      "delta": 5.0,
      "mu": 2.0,
      "nu": 4.0,
      "processing_rate": 5.19
    },
    {
      "id": 1,
      "capacity": 67,
      "energy_budget": 495.8918663516613,
      "zeta": 1.84,
      "eta": 0.018,
      "U1": 0.3,
      "U2": 0.7,
      "epsilon": 1.0,
      "delta": 5.0,
      "mu": 2.0,
      "nu": 4.0,
      "processing_rate": 7.59
    },
    {
      "id": 2,
      "capacity": 73,
      "energy_budget": 251.50660045710543,
      "zeta": 0.67,
      "eta": 0.079,
      "U1": 0.3,
      "U2": 0.7,
      "epsilon": 1.0,
      "delta": 5.0,
      "mu": 2.0,
      "nu": 4.0,
      "processing_rate": 7.11
    }
  ],
  "payloads": {
    "0": 11.63,
    "1": 13.24,
    "2": 18.56,
    "3": 29.02,
    "4": 19.46,
    "5": 11.58,
    "6": 25.43
  }
}