{
  "tasks": [
    0,
    1,
    2,
    3,
    4,
    5,
    6
  ],
  "edges": [
    [
      0,
      4
    ],
    [
      0,
      3
    ],
    [
      1,
      3
    ],
    [
      1,
      4
    ],
    [
      2,
      3
    ],
    [
      2,
      4
    ],
    [
      3,
      6
    ],
    [
      3,
      5
    ],
    [
      4,
      5
    ],
    [
      4,
      6
    ]
  ],
  "devices": [
    {
      "id": 0,
      "capacity": 80,
      "energy_budget": 409.18462682999586,
      "zeta": 1.93,
      "eta": 0.092,
      "U1": 0.3,
      "U2": 0.7,
      "epsilon": 1.0,
      "delta": 5.0,
      "mu": 2.0,
      "nu": 4.0,
      "processing_rate": 15.68
    },
    {
      "id": 1,
      "capacity": 99,
      "energy_budget": 255.90704257379613,
      "zeta": 1.93,
      "eta": 0.02,
      "U1": 0.3,
      "U2": 0.7,
      "epsilon": 1.0,
      "delta": 5.0,
      "mu": 2.0,
      "nu": 4.0,
      "processing_rate": 14.07
    },
    {
      "id": 2,
      "capacity": 80,
      "energy_budget": 414.17847252884746,
      "zeta": 1.73,
      "eta": 0.03,
      "U1": 0.3,
      "U2": 0.7,
      "epsilon": 1.0,
      "delta": 5.0,
      "mu": 2.0,
      "nu": 4.0,
      "processing_rate": 8.29
    }
  ],
  "payloads": {
    "0": 5.09,
    "1": 28.9,
    "2": 22.57,
    "3": 24.29,
    "4": 20.75,
    "5": 2.33,
    "6": 4.87
  }
}