{
  "status": "SAT",
  "assignments": {
    "0": 0,
    "1": 0,
    "2": 2,
    "3": 1,
    "4": 2,
    "5": 0,
    "6": 1
  },
  "start_times": {
    "0": 0.5853,
    "1": 0.45812,
    "2": 0.0,
    "3": 2.13624,
    "4": 2.13624,
    "5": 4.4986,
    "6": 5.06098
  },
  "total_cost": 1357.21646
}